id,main_card,event_year,event_day,country_encoded,month_encoded,city_encoded,region_encoded
1,True,1994,11,0,3,0,0
2,True,1994,9,0,9,1,1
3,True,1994,16,0,12,2,2
4,True,1995,7,0,4,1,1
5,True,1995,14,0,7,3,3
6,True,1995,8,0,9,4,4
7,True,1995,16,0,12,0,0
8,True,1996,16,1,2,5,5
9,True,1996,17,0,5,6,6
10,True,1996,12,0,7,7,7
11,True,1996,20,0,9,8,8
12,True,1996,7,0,12,7,7
13,True,1997,7,0,2,9,7
14,True,1997,30,0,5,8,8
15,True,1997,27,0,7,7,7
16,True,1997,17,0,10,10,9
17,True,1997,21,2,12,11,10
18,True,1998,13,0,3,12,11
19,True,1998,15,0,5,13,7
20,True,1998,16,3,10,14,5
21,True,1999,8,0,1,12,11
22,True,1999,5,0,3,10,9
23,True,1999,7,0,5,7,7
24,True,1999,16,0,7,15,12
25,True,1999,24,0,9,16,11
26,True,1999,19,2,11,17,5
27,True,2000,10,0,3,16,11
28,True,2000,14,2,4,18,5
29,True,2000,9,0,6,15,12
30,True,2000,22,0,9,12,11
31,True,2000,17,0,11,19,13
32,True,2000,16,2,12,18,5
33,True,2001,23,0,2,19,13
34,True,2001,4,0,5,19,13
35,True,2001,29,0,6,20,13
36,True,2001,28,0,9,21,14
37,True,2001,2,0,11,21,14
38,True,2002,11,0,1,22,15
39,True,2002,22,0,3,21,14
40,True,2002,10,0,5,23,11
41,True,2002,22,0,6,21,14
42,True,2002,13,4,7,24,16
43,True,2002,27,0,9,22,15
44,True,2002,22,0,11,21,14
45,True,2003,28,0,2,19,13
46,True,2003,25,0,4,25,17
47,True,2003,6,0,6,21,14
48,True,2003,26,0,9,21,14
49,True,2003,21,0,11,22,15
50,True,2004,31,0,1,21,14
51,True,2004,2,0,4,21,14
52,True,2004,19,0,6,21,14
53,True,2004,21,0,8,21,14
54,True,2004,22,0,10,19,13
55,True,2005,5,0,2,21,14
56,True,2005,9,0,4,21,14
57,True,2005,16,0,4,21,14
58,True,2005,4,0,6,19,13
59,False,2005,6,0,8,21,14
60,True,2005,20,0,8,21,14
61,False,2005,3,0,10,21,14
62,True,2005,7,0,10,22,15
63,True,2005,5,0,11,21,14
64,True,2005,19,0,11,21,14
65,False,2006,16,0,1,21,14
66,True,2006,4,0,2,21,14
67,True,2006,4,0,3,21,14
68,False,2006,6,0,4,21,14
69,True,2006,15,0,4,26,18
70,True,2006,27,0,5,27,18
71,True,2006,24,0,6,21,14
72,False,2006,28,0,6,21,14
73,True,2006,8,0,7,21,14
74,False,2006,17,0,8,21,14
75,True,2006,26,0,8,21,14
76,True,2006,23,0,9,26,18
77,True,2006,10,0,10,28,17
78,True,2006,14,0,10,21,14
79,True,2006,11,0,11,21,14
80,True,2006,18,0,11,29,18
81,False,2006,13,0,12,30,18
82,True,2006,30,0,12,21,14
83,False,2007,25,0,1,28,17
84,True,2007,3,0,2,21,14
85,True,2007,3,0,3,31,19
86,False,2007,5,0,4,21,14
87,True,2007,7,0,4,32,20
88,True,2007,21,4,4,33,16
89,True,2007,26,0,5,21,14
90,False,2007,12,0,6,28,17
91,True,2007,16,4,6,34,21
92,True,2007,23,0,6,21,14
93,True,2007,7,0,7,29,18
94,True,2007,25,0,8,21,14
95,True,2007,8,4,9,24,16
96,False,2007,19,0,9,21,14
97,True,2007,22,0,9,26,18
98,True,2007,20,0,10,35,19
99,True,2007,17,0,11,36,13
100,True,2007,8,0,12,21,14
101,True,2007,29,0,12,21,14
102,True,2008,19,4,1,37,16
103,False,2008,23,0,1,21,14
104,True,2008,2,0,2,21,14
105,True,2008,1,0,3,31,19
106,False,2008,2,0,4,38,0
107,True,2008,19,5,4,39,22
108,True,2008,24,0,5,21,14
109,True,2008,7,4,6,24,16
110,True,2008,21,0,6,21,14
111,True,2008,5,0,7,21,14
112,True,2008,19,0,7,21,14
113,True,2008,9,0,8,40,23
114,True,2008,6,0,9,41,8
115,False,2008,17,0,9,42,24
116,True,2008,18,4,10,7,16
117,True,2008,25,0,10,43,25
118,True,2008,15,0,11,21,14
119,False,2008,10,0,12,44,1
120,True,2008,13,0,12,21,14
121,True,2008,27,0,12,21,14
122,True,2009,17,6,1,45,26
123,True,2009,31,0,1,21,14
124,False,2009,7,0,2,46,17
125,True,2009,21,4,2,24,16
126,True,2009,7,0,3,31,19
127,False,2009,1,0,4,47,27
128,True,2009,18,5,4,39,22
129,True,2009,23,0,5,21,14
130,True,2009,13,7,6,48,28
131,True,2009,20,0,6,21,14
132,True,2009,11,0,7,21,14
133,True,2009,8,0,8,49,29
134,True,2009,29,0,8,50,30
135,False,2009,16,0,9,51,2
136,True,2009,19,0,9,52,20
137,True,2009,24,0,10,27,18
138,True,2009,14,4,11,33,16
139,True,2009,21,0,11,21,14
140,True,2009,5,0,12,21,14
141,True,2009,12,0,12,53,27
142,True,2010,2,0,1,21,14
143,False,2010,11,0,1,54,31
144,True,2010,6,0,2,21,14
145,True,2010,20,8,2,55,32
146,True,2010,21,0,3,38,0
147,True,2010,27,0,3,36,13
148,False,2010,31,0,3,1,1
149,True,2010,10,9,4,56,5
150,True,2010,8,5,5,39,22
151,True,2010,29,0,5,21,14
152,True,2010,12,5,6,57,33
153,True,2010,19,0,6,21,14
154,True,2010,3,0,7,21,14
155,True,2010,1,0,8,30,18
156,True,2010,7,0,8,58,18
157,True,2010,28,0,8,59,34
158,False,2010,15,0,9,60,20
159,True,2010,25,0,9,61,35
160,True,2010,16,4,10,24,16
161,True,2010,23,0,10,26,18
162,True,2010,13,7,11,62,28
163,True,2010,20,0,11,63,6
164,True,2010,4,0,12,21,14
165,True,2010,11,5,12,39,22
166,True,2011,1,0,1,21,14
167,False,2011,22,0,1,64,20
168,True,2011,5,0,2,21,14
169,True,2011,26,8,2,55,32
170,True,2011,3,0,3,65,36
171,True,2011,19,0,3,36,13
172,False,2011,26,0,3,66,37
173,True,2011,30,5,4,67,38
174,True,2011,28,0,5,21,14
175,True,2011,4,0,6,21,14
176,True,2011,11,5,6,57,33
177,True,2011,26,0,6,68,29
178,True,2011,2,0,7,21,14
179,True,2011,6,0,8,49,29
180,True,2011,14,0,8,69,39
181,True,2011,27,3,8,70,5
182,False,2011,17,0,9,12,11
183,True,2011,24,0,9,0,0
184,True,2011,1,0,10,71,40
185,True,2011,8,0,10,32,20
186,True,2011,29,0,10,21,14
187,True,2011,5,4,11,7,16
188,True,2011,12,0,11,26,18
189,True,2011,19,0,11,72,18
190,True,2011,3,0,12,21,14
191,True,2011,10,5,12,67,38
192,True,2011,30,0,12,21,14
193,True,2012,14,3,1,70,5
194,True,2012,20,0,1,47,27
195,True,2012,28,0,1,73,25
196,True,2012,4,0,2,21,14
197,True,2012,15,0,2,42,24
198,True,2012,25,2,2,74,5
199,True,2012,2,8,3,55,32
200,True,2012,14,10,4,75,5
201,True,2012,21,0,4,41,8
202,True,2012,5,0,5,20,13
203,True,2012,15,0,5,54,31
204,True,2012,26,0,5,21,14
205,True,2012,1,0,6,21,14
206,True,2012,8,0,6,76,17
207,True,2012,22,0,6,19,13
208,True,2012,23,3,6,77,41
209,True,2012,7,0,7,21,14
210,True,2012,11,0,7,72,18
211,True,2012,21,5,7,78,42
212,True,2012,4,0,8,27,18
213,True,2012,11,0,8,0,0
214,True,2012,22,5,9,67,38
215,True,2012,29,4,9,79,16
216,True,2012,5,0,10,40,23
217,True,2012,13,3,10,70,5
218,True,2012,10,11,11,80,5
219,True,2012,17,5,11,39,22
220,True,2012,8,0,12,66,37
221,True,2012,14,8,12,81,43
222,True,2012,15,0,12,21,14
223,True,2012,29,0,12,21,14
224,True,2013,19,3,1,14,5
225,True,2013,26,0,1,73,25
226,True,2013,2,0,2,21,14
227,True,2013,16,4,2,24,16
228,True,2013,23,0,2,26,18
229,True,2013,2,2,3,74,5
230,True,2013,16,5,3,39,22
231,True,2013,6,10,4,75,5
232,True,2013,13,0,4,21,14
233,True,2013,20,0,4,72,18
234,True,2013,27,0,4,36,13
235,True,2013,18,3,5,82,44
236,True,2013,25,0,5,21,14
237,True,2013,8,3,6,83,45
238,True,2013,15,5,6,84,46
239,True,2013,6,0,7,21,14
240,True,2013,27,0,7,66,37
241,True,2013,3,3,8,70,5
242,False,2013,17,0,8,59,34
243,False,2013,28,0,8,61,35
244,True,2013,31,0,8,69,39
245,False,2013,4,3,9,77,41
246,True,2013,21,5,9,67,38
247,False,2013,9,3,10,85,47
248,True,2013,19,0,10,32,20
249,False,2013,26,4,10,33,16
250,False,2013,6,0,11,86,36
251,False,2013,9,3,11,87,48
252,True,2013,16,0,11,21,14
253,True,2013,30,0,11,21,14
254,False,2013,6,8,12,88,43
255,True,2013,14,0,12,29,18
256,True,2013,28,0,12,21,14
257,False,2014,4,12,1,89,5
258,False,2014,15,0,1,90,8
259,True,2014,25,0,1,73,25
260,True,2014,1,0,2,36,13
261,False,2014,15,3,2,82,44
262,True,2014,22,0,2,21,14
263,False,2014,1,11,3,80,5
264,False,2014,8,4,3,24,16
265,True,2014,15,0,3,52,20
266,False,2014,23,3,3,91,49
267,False,2014,11,9,4,56,5
268,False,2014,16,5,4,92,22
269,True,2014,19,0,4,93,17
270,True,2014,26,0,4,94,50
271,False,2014,10,0,5,35,19
272,True,2014,24,0,5,21,14
273,False,2014,31,7,5,95,5
274,False,2014,31,3,5,14,5
275,False,2014,7,0,6,96,51
276,True,2014,14,5,6,57,33
277,False,2014,28,13,6,97,5
278,False,2014,28,0,6,98,20
279,True,2014,5,0,7,21,14
280,True,2014,6,0,7,21,14
281,False,2014,16,0,7,19,13
282,False,2014,19,6,7,45,26
283,True,2014,26,0,7,72,18
284,False,2014,16,0,8,99,52
285,False,2014,23,11,8,80,5
286,False,2014,23,0,8,2,2
287,True,2014,30,0,8,29,18
288,False,2014,5,0,9,100,15
289,False,2014,13,3,9,101,53
290,False,2014,20,2,9,74,5
291,True,2014,27,0,9,21,14
292,False,2014,4,10,10,75,5
293,False,2014,4,5,10,102,54
294,True,2014,25,3,10,70,5
295,False,2014,7,8,11,55,32
296,False,2014,8,3,11,103,41
297,True,2014,15,14,11,104,53
298,False,2014,22,0,11,60,20
299,True,2014,6,0,12,21,14
300,True,2014,12,0,12,21,14
301,True,2014,13,0,12,105,55
302,False,2014,20,3,12,85,47
303,True,2015,3,0,1,21,14
304,False,2015,18,0,1,59,34
305,True,2015,24,10,1,75,5
306,True,2015,31,0,1,21,14
307,False,2015,14,0,2,38,0
308,False,2015,22,3,2,106,56
309,True,2015,28,0,2,27,18
310,True,2015,14,0,3,52,20
311,False,2015,21,3,3,70,5
312,False,2015,4,0,4,54,31
313,False,2015,11,15,4,107,5
314,True,2015,18,0,4,36,13
315,True,2015,25,5,4,39,22
316,False,2015,9,8,5,108,57
317,False,2015,16,16,5,109,5
318,True,2015,23,0,5,21,14
319,False,2015,30,3,5,87,48
320,False,2015,6,0,6,12,11
321,True,2015,13,14,6,104,53
322,False,2015,20,7,6,95,58
323,False,2015,27,0,6,28,17
324,True,2015,11,0,7,21,14
325,True,2015,12,0,7,21,14
326,False,2015,15,0,7,30,18
327,False,2015,18,4,7,110,59
328,True,2015,25,0,7,73,25
329,True,2015,1,3,8,70,60
330,False,2015,8,0,8,47,27
331,False,2015,23,5,8,111,61
332,True,2015,5,0,9,21,14
333,False,2015,26,2,9,74,5
334,True,2015,3,0,10,32,20
335,False,2015,24,6,10,45,26
336,False,2015,7,3,11,14,47
337,True,2015,14,8,11,112,62
338,False,2015,21,14,11,113,63
339,False,2015,28,17,11,114,5
340,False,2015,10,0,12,21,14
341,True,2015,11,0,12,21,14
342,True,2015,12,0,12,21,14
343,True,2015,19,0,12,93,17
344,True,2016,2,0,1,21,14
345,False,2016,17,0,1,59,34
346,True,2016,30,0,1,36,13
347,False,2016,6,0,2,21,14
348,False,2016,21,0,2,68,29
349,False,2016,27,4,2,24,16
350,True,2016,5,0,3,21,14
351,False,2016,19,8,3,88,43
352,False,2016,10,18,4,115,5
353,True,2016,16,0,4,46,17
354,True,2016,23,0,4,21,14
355,False,2016,8,19,5,116,64
356,True,2016,14,3,5,117,65
357,False,2016,29,0,5,21,14
358,True,2016,4,0,6,27,18
359,False,2016,18,5,6,118,38
360,False,2016,7,0,7,21,14
361,True,2016,8,0,7,21,14
362,True,2016,9,0,7,21,14
363,False,2016,13,0,7,119,66
364,True,2016,23,0,7,73,25
365,True,2016,30,0,7,41,8
366,False,2016,6,0,8,120,67
367,True,2016,20,0,8,21,14
368,True,2016,27,5,8,57,33
369,False,2016,3,7,9,121,68
370,True,2016,10,0,9,122,19
371,False,2016,17,0,9,123,20
372,False,2016,24,3,9,101,53
373,False,2016,1,0,10,50,30
374,True,2016,8,4,10,33,16
375,False,2016,5,14,11,104,53
376,True,2016,12,0,11,124,4
377,False,2016,19,4,11,34,21
378,False,2016,19,3,11,14,47
379,False,2016,26,8,11,112,62
380,True,2016,3,0,12,21,14
381,False,2016,9,0,12,125,4
382,True,2016,10,5,12,67,38
383,True,2016,17,0,12,29,18
384,True,2016,30,0,12,21,14
385,False,2017,15,0,1,105,55
386,True,2017,28,0,1,0,0
387,False,2017,4,0,2,32,20
388,True,2017,11,0,2,126,4
389,False,2017,19,5,2,102,54
390,True,2017,4,0,3,21,14
391,False,2017,11,3,3,83,45
392,False,2017,18,4,3,24,16
393,True,2017,8,0,4,4,4
394,True,2017,15,0,4,127,69
395,False,2017,22,0,4,47,27
396,True,2017,13,0,5,52,20
397,False,2017,28,10,5,75,5
398,True,2017,3,3,6,70,60
399,False,2017,10,13,6,97,5
400,False,2017,17,12,6,128,5
401,False,2017,25,0,6,51,2
402,True,2017,7,0,7,21,14
403,True,2017,8,0,7,21,14
404,False,2017,16,4,7,110,59
405,False,2017,22,0,7,129,4
406,True,2017,29,0,7,26,18
407,False,2017,5,14,8,104,53
408,False,2017,2,19,9,116,64
409,True,2017,9,5,9,130,42
410,False,2017,16,0,9,68,29
411,False,2017,22,2,9,74,70
412,True,2017,7,0,10,21,14
413,False,2017,21,15,10,131,5
414,False,2017,28,3,10,14,47
415,True,2017,4,0,11,124,4
416,False,2017,11,0,11,132,31
417,False,2017,18,8,11,55,32
418,False,2017,25,11,11,133,71
419,True,2017,1,0,12,21,14
420,True,2017,2,0,12,6,6
421,False,2017,9,0,12,134,18
422,False,2017,16,5,12,84,46
423,True,2017,30,0,12,21,14
424,False,2018,14,0,1,135,69
425,True,2018,20,0,1,59,34
426,False,2018,27,0,1,1,1
427,False,2018,3,3,2,136,72
428,True,2018,10,8,2,137,73
429,False,2018,18,0,2,60,20
430,False,2018,24,0,2,93,17
431,True,2018,3,0,3,21,14
432,False,2018,17,4,3,24,16
433,True,2018,7,0,4,126,4
434,False,2018,14,0,4,138,55
435,False,2018,21,0,4,19,13
436,True,2018,12,3,5,70,60
437,False,2018,19,20,5,139,5
438,False,2018,27,4,5,140,16
439,False,2018,1,0,6,141,4
440,True,2018,9,0,6,73,25
441,False,2018,23,12,6,128,5
442,True,2018,6,0,7,21,14
443,True,2018,7,0,7,21,14
444,False,2018,14,0,7,142,74
445,False,2018,22,7,7,121,68
446,False,2018,28,5,7,78,42
447,True,2018,4,0,8,27,18
448,False,2018,25,0,8,143,24
449,True,2018,8,0,9,52,20
450,False,2018,15,21,9,144,75
451,False,2018,22,3,9,14,47
452,True,2018,6,0,10,21,14
453,False,2018,27,5,10,145,76
454,True,2018,3,0,11,124,4
455,False,2018,10,0,11,0,0
456,False,2018,17,22,11,146,77
457,False,2018,24,11,11,147,5
458,True,2018,30,0,11,21,14
459,False,2018,1,8,12,108,57
460,True,2018,8,5,12,67,38
461,False,2018,15,0,12,69,39
462,True,2018,29,0,12,27,18
463,False,2019,19,0,1,126,4
464,False,2019,2,3,2,83,45
465,True,2019,9,8,2,112,62
466,False,2019,17,0,2,105,55
467,False,2019,23,23,2,148,5
468,True,2019,2,0,3,21,14
469,False,2019,9,0,3,149,78
470,False,2019,16,4,3,24,16
471,False,2019,23,0,3,47,27
472,False,2019,30,0,3,49,29
473,True,2019,13,0,4,41,8
474,False,2019,20,21,4,150,79
475,False,2019,27,0,4,76,17
476,False,2019,4,5,5,118,38
477,True,2019,11,3,5,70,60
478,False,2019,18,0,5,151,4
479,False,2019,1,10,6,75,5
480,True,2019,8,0,6,73,25
481,False,2019,22,0,6,152,80
482,False,2019,29,0,6,40,23
483,True,2019,6,0,7,21,14
484,False,2019,13,0,7,29,18
485,False,2019,20,0,7,98,20
486,True,2019,27,5,7,130,42
487,False,2019,3,0,8,36,13
488,False,2019,10,24,8,153,5
489,True,2019,17,0,8,26,18
490,False,2019,31,11,8,154,81
491,True,2019,7,9,9,56,82
492,False,2019,14,5,9,57,33
493,False,2019,21,14,9,104,53
494,False,2019,28,25,9,155,5
495,True,2019,5,8,10,112,62
496,False,2019,12,0,10,46,17
497,False,2019,18,0,10,59,34
498,False,2019,26,12,10,128,5
499,True,2019,2,0,11,124,4
500,False,2019,9,21,11,144,75
501,False,2019,16,3,11,14,47
502,False,2019,7,0,12,71,40
503,True,2019,14,0,12,21,14
504,False,2019,21,17,12,156,5
505,True,2020,18,0,1,21,14
506,False,2020,25,0,1,157,1
507,True,2020,8,0,2,32,20
508,False,2020,15,0,2,158,51
509,False,2020,22,13,2,97,5
510,False,2020,29,0,2,132,31
511,True,2020,7,0,3,21,14
512,False,2020,14,3,3,101,53
513,True,2020,9,0,5,159,17
514,False,2020,13,0,5,159,17
515,False,2020,16,0,5,159,17
516,False,2020,30,0,5,21,14
517,True,2020,6,0,6,21,14
518,False,2020,13,0,6,21,14
519,False,2020,20,0,6,21,14
520,False,2020,27,0,6,21,14
521,True,2020,11,9,7,56,82
522,False,2020,15,9,7,56,82
523,False,2020,18,9,7,56,82
524,False,2020,25,9,7,56,82
525,False,2020,1,0,8,21,14
526,False,2020,8,0,8,21,14
527,True,2020,15,0,8,21,14
528,False,2020,22,0,8,21,14
529,False,2020,29,0,8,21,14
530,False,2020,5,0,9,21,14
531,False,2020,12,0,9,21,14
532,False,2020,19,0,9,21,14
533,True,2020,26,9,9,56,82
534,False,2020,3,9,10,56,82
535,False,2020,10,9,10,56,82
536,False,2020,17,9,10,56,82
537,True,2020,24,9,10,56,82
538,False,2020,31,0,10,21,14
539,False,2020,7,0,11,21,14
540,False,2020,14,0,11,21,14
541,True,2020,21,0,11,21,14
542,False,2020,28,0,11,21,14
543,False,2020,5,0,12,21,14
544,True,2020,12,0,12,21,14
545,False,2020,19,0,12,21,14
546,False,2021,16,9,1,56,82
547,False,2021,20,9,1,56,82
548,True,2021,23,9,1,56,82
549,False,2021,6,0,2,21,14
550,True,2021,13,0,2,21,14
551,False,2021,20,0,2,21,14
552,False,2021,27,0,2,21,14
553,True,2021,6,0,3,21,14
554,False,2021,13,0,3,21,14
555,False,2021,20,0,3,21,14
556,True,2021,27,0,3,21,14
557,False,2021,10,0,4,21,14
558,False,2021,17,0,4,21,14
559,True,2021,24,0,4,159,17
560,False,2021,1,0,5,21,14
561,False,2021,8,0,5,21,14
562,True,2021,15,0,5,32,20
563,False,2021,22,0,5,21,14
564,False,2021,5,0,6,21,14
565,True,2021,12,0,6,138,55
566,False,2021,19,0,6,21,14
567,False,2021,26,0,6,21,14
568,True,2021,10,0,7,21,14
569,False,2021,17,0,7,21,14
570,False,2021,24,0,7,21,14
571,False,2021,31,0,7,21,14
572,True,2021,7,0,8,32,20
573,False,2021,21,0,8,21,14
574,False,2021,28,0,8,21,14
575,False,2021,4,0,9,21,14
576,False,2021,18,0,9,21,14
577,True,2021,25,0,9,21,14
578,False,2021,2,0,10,21,14
579,False,2021,9,0,10,21,14
580,False,2021,16,0,10,21,14
581,False,2021,23,0,10,21,14
582,True,2021,30,9,10,56,82
583,True,2021,6,0,11,124,4
584,False,2021,13,0,11,21,14
585,False,2021,20,0,11,21,14
586,False,2021,4,0,12,21,14
587,True,2021,11,0,12,21,14
588,False,2021,18,0,12,21,14
589,False,2022,15,0,1,21,14
590,True,2022,22,0,1,26,18
591,False,2022,5,0,2,21,14
592,True,2022,12,0,2,32,20
593,False,2022,19,0,2,21,14
594,False,2022,26,0,2,21,14
595,True,2022,5,0,3,21,14
596,False,2022,12,0,3,21,14
597,False,2022,19,4,3,24,16
598,False,2022,26,0,3,31,19
599,True,2022,9,0,4,159,17
600,False,2022,16,0,4,21,14
601,False,2022,23,0,4,21,14
602,False,2022,30,0,4,21,14
603,True,2022,7,0,5,105,55
604,False,2022,14,0,5,21,14
605,False,2022,21,0,5,21,14
606,False,2022,4,0,6,21,14
607,True,2022,11,12,6,128,5
608,False,2022,18,0,6,60,20
609,False,2022,25,0,6,21,14
610,True,2022,2,0,7,21,14
611,False,2022,9,0,7,21,14
612,False,2022,16,0,7,160,4
613,False,2022,23,4,7,24,16
614,True,2022,30,0,7,52,20
615,False,2022,6,0,8,21,14
616,False,2022,13,0,8,30,18
617,True,2022,20,0,8,120,67
618,False,2022,3,26,9,161,83
619,True,2022,10,0,9,21,14
620,False,2022,17,0,9,21,14
621,False,2022,1,0,10,21,14
622,False,2022,15,0,10,21,14
623,True,2022,22,9,10,56,82
624,False,2022,29,0,10,21,14
625,False,2022,5,0,11,21,14
626,True,2022,12,0,11,124,4
627,False,2022,19,0,11,21,14
628,False,2022,3,0,12,93,17
629,True,2022,10,0,12,21,14
630,False,2022,17,0,12,21,14
631,False,2023,14,0,1,21,14
632,True,2023,21,3,1,70,60
633,False,2023,4,0,2,21,14
634,True,2023,11,8,2,137,73
635,False,2023,18,0,2,21,14
636,False,2023,25,0,2,21,14
637,True,2023,4,0,3,21,14
638,False,2023,11,0,3,21,14
639,True,2023,18,4,3,24,16
640,False,2023,25,0,3,98,20
641,True,2023,8,0,4,25,17
642,False,2023,15,0,4,127,69
643,False,2023,22,0,4,21,14
644,False,2023,29,0,4,21,14
645,True,2023,6,0,5,36,13
646,False,2023,13,0,5,1,1
647,False,2023,20,0,5,21,14
648,False,2023,3,0,6,21,14
649,True,2023,10,5,6,57,33
650,False,2023,17,0,6,21,14
651,False,2023,24,0,6,159,17
652,False,2023,1,0,7,21,14
653,True,2023,8,0,7,21,14
654,False,2023,15,0,7,21,14
655,False,2023,22,4,7,24,16
656,True,2023,29,0,7,120,67
657,False,2023,5,0,8,47,27
658,False,2023,12,0,8,21,14
659,True,2023,19,0,8,59,34
660,False,2023,26,12,8,128,5
661,False,2023,2,26,9,161,83
662,True,2023,9,8,9,55,32
663,False,2023,16,0,9,21,14
664,False,2023,23,0,9,21,14
665,False,2023,7,0,10,21,14
666,False,2023,14,0,10,21,14
667,True,2023,21,9,10,56,82
668,False,2023,4,3,11,14,47
669,True,2023,11,0,11,124,4
670,False,2023,18,0,11,21,14
671,False,2023,2,0,12,60,20
672,False,2023,9,0,12,21,14
673,True,2023,16,0,12,21,14
674,False,2024,13,0,1,21,14
675,True,2024,20,5,1,67,38
676,False,2024,3,0,2,21,14
677,False,2024,10,0,2,21,14
678,True,2024,17,0,2,26,18
679,False,2024,24,14,2,104,53
680,False,2024,2,0,3,21,14
681,True,2024,9,0,3,25,17
682,False,2024,16,0,3,21,14
683,False,2024,23,0,3,21,14
684,False,2024,30,0,3,19,13
685,False,2024,6,0,4,21,14
686,True,2024,13,0,4,21,14
687,False,2024,27,0,4,21,14
688,True,2024,4,3,5,70,60
689,False,2024,11,0,5,135,69
690,False,2024,18,0,5,21,14
691,True,2024,1,0,6,36,13
692,False,2024,8,0,6,65,36
693,False,2024,15,0,6,21,14
694,False,2024,22,27,6,162,84
695,True,2024,29,0,6,21,14
696,False,2024,13,0,7,0,0
697,False,2024,20,0,7,21,14
698,True,2024,27,4,7,33,16
699,False,2024,3,9,8,56,82
700,False,2024,10,0,8,21,14
701,True,2024,17,8,8,137,73
702,False,2024,24,0,8,21,14
703,False,2024,7,0,9,21,14
704,True,2024,14,0,9,21,14
705,False,2024,28,26,9,161,83
706,True,2024,5,0,10,120,67
707,False,2024,12,0,10,21,14
708,False,2024,19,0,10,21,14
709,True,2024,26,9,10,56,82
710,False,2024,2,5,11,130,42
711,False,2024,9,0,11,21,14
712,True,2024,16,0,11,124,4
713,False,2024,23,11,11,80,5
714,True,2024,7,0,12,21,14
715,False,2024,14,0,12,46,17
716,False,2025,11,0,1,21,14
717,True,2025,18,0,1,163,18
718,False,2025,1,27,2,162,84
719,True,2025,8,8,2,55,32
720,False,2025,15,0,2,21,14
721,False,2025,22,0,2,66,37
722,False,2025,1,0,3,21,14
723,True,2025,8,0,3,21,14
724,False,2025,15,0,3,21,14
725,False,2025,22,4,3,24,16
726,False,2025,29,14,3,104,53
727,False,2025,5,0,4,21,14
728,True,2025,12,0,4,25,17
729,False,2025,26,0,4,127,69
730,False,2025,3,0,5,164,12
731,True,2025,10,5,5,39,22
732,False,2025,17,0,5,21,14
733,False,2025,31,0,5,21,14
734,True,2025,7,0,6,36,13
735,False,2025,14,0,6,41,8
736,False,2025,21,28,6,165,5
737,True,2025,28,0,6,21,14
738,False,2025,12,0,7,47,27
739,True,2025,19,0,7,12,11
740,False,2025,26,9,7,56,82
741,False,2025,2,0,8,21,14
742,False,2025,9,0,8,21,14
743,True,2025,16,0,8,73,25
744,True,2025,22,11,8,133,71
745,False,2025,23,11,8,133,71
746,False,2025,6,26,9,161,83
747,False,2025,13,0,9,98,20
748,False,2025,27,8,9,137,73
749,True,2025,4,0,10,21,14
750,False,2025,11,3,10,70,60
751,False,2025,18,5,10,57,33
752,True,2025,25,9,10,56,82
753,False,2025,1,0,11,21,14
754,False,2025,8,0,11,21,14
755,True,2025,15,0,11,124,4
756,False,2025,22,29,11,166,5
757,True,2025,6,0,12,21,14
758,False,2025,13,0,12,21,14
759,True,2026,24,0,1,21,14
760,True,2026,31,8,1,55,32
761,False,2026,7,0,2,21,14
762,False,2026,21,0,2,32,20
763,False,2026,28,14,2,104,53
764,True,2026,7,0,3,21,14
765,False,2026,14,0,3,21,14
766,False,2026,21,4,3,24,16
767,False,2026,28,0,3,66,37
768,False,2026,4,0,4,21,14
769,True,2026,11,0,4,25,17
770,False,2026,18,5,4,84,46
771,False,2026,25,0,4,21,14
772,False,2026,2,8,5,137,73
773,True,2026,9,0,5,36,13
774,False,2026,16,0,5,21,14
